month,n,win_rate,pnl
2026-01,30,50.0,810.0
2026-02,56,57.14285714285714,4360.0
2026-03,39,35.8974358974359,1000.0
2026-04,15,40.0,380.0
