hour,n,win_rate,pnl
9,65,46.15384615384615,3300.0
10,50,42.0,1340.0
11,8,62.5,690.0
12,13,76.92307692307693,1270.0
13,4,25.0,-50.0
