weekday,n,win_rate,pnl
月,11,36.36363636363637,70.0
火,44,52.27272727272727,2670.0
水,35,42.857142857142854,1350.0
木,27,40.74074074074074,810.0
金,23,60.86956521739131,1650.0
